<?xml version="1.0" encoding="UTF-8"?>
<log4jConfiguration status="INFO" monitorInterval="30">
    <Properties>
        <Property name="logpath">/home/logs/log/dev</Property>
    </Properties>
    <Appenders>
        <Console name="Console" target="SYSTEM_OUT">
            <PatternLayout pattern="[%d][%-5p][%t] %m (%F:%L)%n" />
        </Console>
        <RollingFile name="debug" fileName="${logpath}/debug/erp_debug.log"
                     filePattern="${logpath}/debug/erp_debug_%d{yyyy-MM-dd}-%i.log">
            <Filters>
                <ThresholdFilter level="info" onMatch="DENY" onMismatch="NEUTRAL"/>
                <ThresholdFilter level="debug" onMatch="ACCEPT" onMismatch="DENY"/>
            </Filters>
            <PatternLayout pattern="[%d][%-5p][%t] %m (%F:%L)%n" />
            <Policies>
                <TimeBasedTriggeringPolicy interval="24" modulate="true"/>
                <SizeBasedTriggeringPolicy size="50 MB"/>\
            </Policies>
            <DefaultRolloverStrategy max="30">
                <Delete basePath="${logpath}/debug" maxDepth="1">
                    <IfFileName glob="erp_debug_*.log"/>
                    <IfLastModified age="15d"/>
                </Delete>
            </DefaultRolloverStrategy>
        </RollingFile>
        <RollingFile name="info" fileName="${logpath}/info/erp_info.log"
                     filePattern="${logpath}/info/erp_info_%d{yyyy-MM-dd}-%i.log">
            <Filters>
                <!--onMatch="DENY":匹配到就禁止输入-->
                <ThresholdFilter level="warn" onMatch="DENY" onMismatch="NEUTRAL"/>
                <!--onMatch="ACCEPT":没有匹配到就允许输入-->
                <ThresholdFilter level="info" onMatch="ACCEPT" onMismatch="DENY"/>
            </Filters>
            <PatternLayout pattern="[%d][%-5p][%t] %m (%F:%L)%n" />
            <Policies>
                <TimeBasedTriggeringPolicy interval="24" modulate="true"/>
                <SizeBasedTriggeringPolicy size="50 MB"/>\
            </Policies>
            <DefaultRolloverStrategy max="30">
                <Delete basePath="${logpath}/info" maxDepth="1">
                    <IfFileName glob="erp_info_*.log"/>
                    <IfLastModified age="15d"/>
                </Delete>
            </DefaultRolloverStrategy>
        </RollingFile>
        <RollingFile name="warn" fileName="${logpath}/warn/erp_warn.log"
                     filePattern="${logpath}/warn/erp_warn_%d{yyyy-MM-dd}-%i.log">
            <Filters>
                <ThresholdFilter level="error" onMatch="DENY" onMismatch="NEUTRAL"/>
                <ThresholdFilter level="warn" onMatch="ACCEPT" onMismatch="DENY"/>
            </Filters>
            <PatternLayout pattern="[%d][%-5p][%t] %m (%F:%L)%n" />
            <Policies>
                <TimeBasedTriggeringPolicy interval="24" modulate="true"/>
                <SizeBasedTriggeringPolicy size="50 MB"/>\
            </Policies>
            <DefaultRolloverStrategy max="30">
                <Delete basePath="${logpath}/warn" maxDepth="1">
                    <IfFileName glob="erp_warn_*.log"/>
                    <IfLastModified age="15d"/>
                </Delete>
            </DefaultRolloverStrategy>
        </RollingFile>
        <RollingFile name="error" fileName="${logpath}/error/erp_error.log"
                     filePattern="${logpath}/error/erp_error_%d{yyyy-MM-dd}-%i.log">
            <Filters>
                <ThresholdFilter level="fatal" onMatch="DENY" onMismatch="NEUTRAL"/>
                <ThresholdFilter level="error" onMatch="ACCEPT" onMismatch="DENY"/>
            </Filters>
            <PatternLayout pattern="[%d][%-5p][%t] %m (%F:%L)%n" />
            <Policies>
                <TimeBasedTriggeringPolicy interval="24" modulate="true"/>
                <SizeBasedTriggeringPolicy size="50 MB"/>\
            </Policies>
            <DefaultRolloverStrategy max="30">
                <Delete basePath="${logpath}/error" maxDepth="1">
                    <IfFileName glob="erp_error_*.log"/>
                    <IfLastModified age="15d"/>
                </Delete>
            </DefaultRolloverStrategy>
        </RollingFile>

    </Appenders>
    <Loggers>
        <Root level="debug">
            <AppenderRef ref="Console"/>
            <AppenderRef ref="debug"/>
            <AppenderRef ref="info"/>
            <AppenderRef ref="warn"/>
            <AppenderRef ref="error"/>
        </Root>
    </Loggers>
</log4jConfiguration>